{
	"credit": "Made with Blockbench",
	"texture_size": [128, 128],
	"textures": {
		"2": "modelengine:entity/pumpkinmonster"
	},
	"elements": [
		{
			"from": [1.4, 1.28, 1.6],
			"to": [13.16, 4.64, 13.92],
			"rotation": {"angle": -45, "axis": "x", "origin": [7.3, 6.91, 13.952]},
			"faces": {
				"north": {"uv": [6.875, 6.125, 9.5, 6.875], "texture": "#2"},
				"east": {"uv": [6.875, 4.625, 9.625, 5.375], "texture": "#2"},
				"south": {"uv": [6.875, 6.875, 9.5, 7.625], "texture": "#2"},
				"west": {"uv": [6.875, 5.375, 9.625, 6.125], "texture": "#2"},
				"up": {"uv": [2.625, 5.5, 0, 2.75], "texture": "#2"},
				"down": {"uv": [5.25, 2.75, 2.625, 5.5], "texture": "#2"}
			}
		},
		{
			"from": [1.4, 4.64, 11.68],
			"to": [13.16, 6.88, 13.92],
			"rotation": {"angle": -45, "axis": "x", "origin": [7.3, 6.91, 13.952]},
			"faces": {
				"north": {"uv": [4.125, 7.25, 6.75, 7.75], "texture": "#2"},
				"east": {"uv": [7.625, 10.875, 8.125, 11.375], "texture": "#2"},
				"south": {"uv": [6.75, 7.625, 9.375, 8.125], "texture": "#2"},
				"west": {"uv": [8.125, 10.875, 8.625, 11.375], "texture": "#2"},
				"up": {"uv": [6.75, 8.25, 4.125, 7.75], "texture": "#2"},
				"down": {"uv": [10.625, 0, 8, 0.5], "texture": "#2"}
			}
		},
		{
			"from": [12.04, 4.64, 3.28],
			"to": [13.16, 5.76, 6.08],
			"rotation": {"angle": -45, "axis": "x", "origin": [7.3, 6.91, 13.952]},
			"faces": {
				"north": {"uv": [3.5, 11.875, 3.75, 12.125], "texture": "#2"},
				"east": {"uv": [9.875, 9.25, 10.5, 9.5], "texture": "#2"},
				"south": {"uv": [11.875, 3.75, 12.125, 4], "texture": "#2"},
				"west": {"uv": [11.25, 3.75, 11.875, 4], "texture": "#2"},
				"up": {"uv": [11.5, 8.75, 11.25, 8.125], "texture": "#2"},
				"down": {"uv": [11.125, 11.25, 10.875, 11.875], "texture": "#2"}
			}
		},
		{
			"from": [12.04, 5.76, 3.84],
			"to": [13.16, 6.88, 5.52],
			"rotation": {"angle": -45, "axis": "x", "origin": [7.3, 6.91, 13.952]},
			"faces": {
				"north": {"uv": [11.875, 4.625, 12.125, 4.875], "texture": "#2"},
				"east": {"uv": [11.125, 11.5, 11.5, 11.75], "texture": "#2"},
				"south": {"uv": [4.875, 11.875, 5.125, 12.125], "texture": "#2"},
				"west": {"uv": [11.5, 11.5, 11.875, 11.75], "texture": "#2"},
				"up": {"uv": [11.875, 1.625, 11.625, 1.25], "texture": "#2"},
				"down": {"uv": [11.875, 1.625, 11.625, 2], "texture": "#2"}
			}
		},
		{
			"from": [12.04, 5.76, 8.88],
			"to": [13.16, 6.88, 10.56],
			"rotation": {"angle": -45, "axis": "x", "origin": [7.3, 6.91, 13.952]},
			"faces": {
				"north": {"uv": [11.875, 5.375, 12.125, 5.625], "texture": "#2"},
				"east": {"uv": [11.625, 2, 12, 2.25], "texture": "#2"},
				"south": {"uv": [11.875, 5.625, 12.125, 5.875], "texture": "#2"},
				"west": {"uv": [3.375, 11.625, 3.75, 11.875], "texture": "#2"},
				"up": {"uv": [4, 12, 3.75, 11.625], "texture": "#2"},
				"down": {"uv": [4.25, 11.625, 4, 12], "texture": "#2"}
			}
		},
		{
			"from": [12.04, 4.64, 7.76],
			"to": [13.16, 5.76, 11.12],
			"rotation": {"angle": -45, "axis": "x", "origin": [7.3, 6.91, 13.952]},
			"faces": {
				"north": {"uv": [11.875, 4.875, 12.125, 5.125], "texture": "#2"},
				"east": {"uv": [11.125, 10, 11.875, 10.25], "texture": "#2"},
				"south": {"uv": [11.875, 5.125, 12.125, 5.375], "texture": "#2"},
				"west": {"uv": [11.125, 10.25, 11.875, 10.5], "texture": "#2"},
				"up": {"uv": [3.75, 11.625, 3.5, 10.875], "texture": "#2"},
				"down": {"uv": [11.5, 0.5, 11.25, 1.25], "texture": "#2"}
			}
		},
		{
			"from": [8.12, 4.64, 1.6],
			"to": [12.04, 5.76, 2.664],
			"rotation": {"angle": -45, "axis": "x", "origin": [7.3, 6.91, 13.952]},
			"faces": {
				"north": {"uv": [11.125, 3, 12, 3.25], "texture": "#2"},
				"east": {"uv": [2.75, 11.875, 3, 12.125], "texture": "#2"},
				"south": {"uv": [11.125, 3.25, 12, 3.5], "texture": "#2"},
				"west": {"uv": [3.25, 11.875, 3.5, 12.125], "texture": "#2"},
				"up": {"uv": [12, 4.375, 11.125, 4.125], "texture": "#2"},
				"down": {"uv": [12, 4.375, 11.125, 4.625], "texture": "#2"}
			}
		},
		{
			"from": [9.24, 5.76, 1.6],
			"to": [10.92, 6.88, 2.664],
			"rotation": {"angle": -45, "axis": "x", "origin": [7.3, 6.91, 13.952]},
			"faces": {
				"north": {"uv": [11.5, 8.375, 11.875, 8.625], "texture": "#2"},
				"east": {"uv": [11.875, 1.75, 12.125, 2], "texture": "#2"},
				"south": {"uv": [11.5, 9.25, 11.875, 9.5], "texture": "#2"},
				"west": {"uv": [2.5, 11.875, 2.75, 12.125], "texture": "#2"},
				"up": {"uv": [11.875, 9.75, 11.5, 9.5], "texture": "#2"},
				"down": {"uv": [11.875, 9.75, 11.5, 10], "texture": "#2"}
			}
		},
		{
			"from": [2.52, 4.64, 1.6],
			"to": [6.44, 5.76, 2.664],
			"rotation": {"angle": -45, "axis": "x", "origin": [7.3, 6.91, 13.952]},
			"faces": {
				"north": {"uv": [10.75, 9, 11.625, 9.25], "texture": "#2"},
				"east": {"uv": [11.875, 1.25, 12.125, 1.5], "texture": "#2"},
				"south": {"uv": [11.125, 2.25, 12, 2.5], "texture": "#2"},
				"west": {"uv": [11.875, 1.5, 12.125, 1.75], "texture": "#2"},
				"up": {"uv": [12, 2.75, 11.125, 2.5], "texture": "#2"},
				"down": {"uv": [12, 2.75, 11.125, 3], "texture": "#2"}
			}
		},
		{
			"from": [3.64, 5.76, 1.6],
			"to": [5.88, 6.88, 2.664],
			"rotation": {"angle": -45, "axis": "x", "origin": [7.3, 6.91, 13.952]},
			"faces": {
				"north": {"uv": [8.125, 11.375, 8.625, 11.625], "texture": "#2"},
				"east": {"uv": [11.875, 0.75, 12.125, 1], "texture": "#2"},
				"south": {"uv": [8.625, 11.375, 9.125, 11.625], "texture": "#2"},
				"west": {"uv": [11.875, 1, 12.125, 1.25], "texture": "#2"},
				"up": {"uv": [10.875, 11.625, 10.375, 11.375], "texture": "#2"},
				"down": {"uv": [11.875, 10.75, 11.375, 11], "texture": "#2"}
			}
		},
		{
			"from": [1.4, 4.64, 3.28],
			"to": [2.52, 5.76, 6.08],
			"rotation": {"angle": -45, "axis": "x", "origin": [7.3, 6.91, 13.952]},
			"faces": {
				"north": {"uv": [5.75, 11.875, 6, 12.125], "texture": "#2"},
				"east": {"uv": [11.125, 11.25, 11.75, 11.5], "texture": "#2"},
				"south": {"uv": [11.875, 5.875, 12.125, 6.125], "texture": "#2"},
				"west": {"uv": [3.75, 11.375, 4.375, 11.625], "texture": "#2"},
				"up": {"uv": [4.625, 12, 4.375, 11.375], "texture": "#2"},
				"down": {"uv": [4.875, 11.375, 4.625, 12], "texture": "#2"}
			}
		},
		{
			"from": [1.4, 5.76, 3.84],
			"to": [2.52, 6.88, 5.52],
			"rotation": {"angle": -45, "axis": "x", "origin": [7.3, 6.91, 13.952]},
			"faces": {
				"north": {"uv": [6, 11.875, 6.25, 12.125], "texture": "#2"},
				"east": {"uv": [4.875, 11.625, 5.25, 11.875], "texture": "#2"},
				"south": {"uv": [11.875, 6.125, 12.125, 6.375], "texture": "#2"},
				"west": {"uv": [6.625, 11.625, 7, 11.875], "texture": "#2"},
				"up": {"uv": [7.25, 12, 7, 11.625], "texture": "#2"},
				"down": {"uv": [7.5, 11.625, 7.25, 12], "texture": "#2"}
			}
		},
		{
			"from": [1.4, 4.64, 7.76],
			"to": [2.52, 5.76, 11.12],
			"rotation": {"angle": -45, "axis": "x", "origin": [7.3, 6.91, 13.952]},
			"faces": {
				"north": {"uv": [11.875, 6.625, 12.125, 6.875], "texture": "#2"},
				"east": {"uv": [11.125, 10.5, 11.875, 10.75], "texture": "#2"},
				"south": {"uv": [6.75, 11.875, 7, 12.125], "texture": "#2"},
				"west": {"uv": [11.25, 3.5, 12, 3.75], "texture": "#2"},
				"up": {"uv": [11.5, 8.125, 11.25, 7.375], "texture": "#2"},
				"down": {"uv": [11.5, 9.25, 11.25, 10], "texture": "#2"}
			}
		},
		{
			"from": [1.4, 5.76, 8.88],
			"to": [2.52, 6.88, 10.56],
			"rotation": {"angle": -45, "axis": "x", "origin": [7.3, 6.91, 13.952]},
			"faces": {
				"north": {"uv": [11.875, 6.375, 12.125, 6.625], "texture": "#2"},
				"east": {"uv": [7.5, 11.625, 7.875, 11.875], "texture": "#2"},
				"south": {"uv": [6.5, 11.875, 6.75, 12.125], "texture": "#2"},
				"west": {"uv": [7.875, 11.625, 8.25, 11.875], "texture": "#2"},
				"up": {"uv": [8.5, 12, 8.25, 11.625], "texture": "#2"},
				"down": {"uv": [8.75, 11.625, 8.5, 12], "texture": "#2"}
			}
		},
		{
			"from": [-6.39737, 12.96626, 4.96],
			"to": [-0.23737, 12.96626, 13.36],
			"rotation": {"angle": 22.5, "axis": "z", "origin": [-0.79737, 12.96626, 12.8]},
			"faces": {
				"north": {"uv": [0, 0, 1.375, 0], "texture": "#2"},
				"east": {"uv": [0, 0, 1.875, 0], "texture": "#2"},
				"south": {"uv": [0, 0, 1.375, 0], "texture": "#2"},
				"west": {"uv": [0, 0, 1.875, 0], "texture": "#2"},
				"up": {"uv": [4.125, 8.75, 2.75, 6.875], "texture": "#2"},
				"down": {"uv": [4.125, 6.875, 2.75, 8.75], "texture": "#2"}
			}
		},
		{
			"from": [1.4, 4.64, 1.6],
			"to": [2.52, 5.76, 3.28],
			"rotation": {"angle": 0, "axis": "y", "origin": [7.56, -7.12, 7.2]},
			"faces": {
				"north": {"uv": [10.375, 11.625, 10.625, 11.875], "texture": "#2"},
				"east": {"uv": [1.75, 11.5, 2.125, 11.75], "texture": "#2"},
				"south": {"uv": [10.625, 11.625, 10.875, 11.875], "texture": "#2"},
				"west": {"uv": [2.125, 11.5, 2.5, 11.75], "texture": "#2"},
				"up": {"uv": [2.75, 11.875, 2.5, 11.5], "texture": "#2"},
				"down": {"uv": [3, 11.5, 2.75, 11.875], "texture": "#2"}
			}
		},
		{
			"from": [1.4, 6.88, 1.6],
			"to": [13.16, 13.04, 13.92],
			"rotation": {"angle": 0, "axis": "y", "origin": [7, 0.16, 7.2]},
			"faces": {
				"north": {"uv": [0, 5.5, 2.625, 6.875], "texture": "#2"},
				"east": {"uv": [5.25, 0, 8, 1.375], "texture": "#2"},
				"south": {"uv": [2.625, 5.5, 5.25, 6.875], "texture": "#2"},
				"west": {"uv": [5.25, 1.375, 8, 2.75], "texture": "#2"},
				"up": {"uv": [2.625, 2.75, 0, 0], "texture": "#2"},
				"down": {"uv": [5.25, 0, 2.625, 2.75], "texture": "#2"}
			}
		},
		{
			"from": [4.76, 11.92, 7.76],
			"to": [9.8, 14.16, 11.68],
			"rotation": {"angle": 22.5, "axis": "x", "origin": [7.28, 13.04, 9.72]},
			"faces": {
				"north": {"uv": [10.25, 6.375, 11.375, 6.875], "texture": "#2"},
				"east": {"uv": [10.375, 3.625, 11.25, 4.125], "texture": "#2"},
				"south": {"uv": [10.25, 6.875, 11.375, 7.375], "texture": "#2"},
				"west": {"uv": [10.625, 0, 11.5, 0.5], "texture": "#2"},
				"up": {"uv": [9.75, 10.375, 8.625, 9.5], "texture": "#2"},
				"down": {"uv": [10.75, 0.5, 9.625, 1.375], "texture": "#2"}
			}
		},
		{
			"from": [5.32, 13.6, 8.88],
			"to": [9.24, 18.08, 12.24],
			"rotation": {"angle": 45, "axis": "x", "origin": [7.28, 13.04, 9.72]},
			"faces": {
				"north": {"uv": [3.75, 9.625, 4.625, 10.625], "texture": "#2"},
				"east": {"uv": [9.75, 9.5, 10.5, 10.5], "texture": "#2"},
				"south": {"uv": [4.625, 9.625, 5.5, 10.625], "texture": "#2"},
				"west": {"uv": [9.875, 7.5, 10.625, 8.5], "texture": "#2"},
				"up": {"uv": [10.75, 9.25, 9.875, 8.5], "texture": "#2"},
				"down": {"uv": [11.125, 4.125, 10.25, 4.875], "texture": "#2"}
			}
		},
		{
			"from": [10.92, 5.76, 1.6],
			"to": [13.16, 6.88, 3.84],
			"rotation": {"angle": 0, "axis": "y", "origin": [7, -6, 7.2]},
			"faces": {
				"north": {"uv": [4.875, 11.375, 5.375, 11.625], "texture": "#2"},
				"east": {"uv": [11.375, 6.375, 11.875, 6.625], "texture": "#2"},
				"south": {"uv": [6.625, 11.375, 7.125, 11.625], "texture": "#2"},
				"west": {"uv": [11.375, 6.625, 11.875, 6.875], "texture": "#2"},
				"up": {"uv": [9.875, 8.125, 9.375, 7.625], "texture": "#2"},
				"down": {"uv": [10.25, 4.125, 9.75, 4.625], "texture": "#2"}
			}
		},
		{
			"from": [5.88, 5.76, 1.6],
			"to": [9.24, 6.88, 2.664],
			"rotation": {"angle": 0, "axis": "y", "origin": [3.64, -6, 7.2]},
			"faces": {
				"north": {"uv": [11.125, 4.625, 11.875, 4.875], "texture": "#2"},
				"east": {"uv": [9.375, 11.625, 9.625, 11.875], "texture": "#2"},
				"south": {"uv": [11.125, 4.875, 11.875, 5.125], "texture": "#2"},
				"west": {"uv": [9.625, 11.625, 9.875, 11.875], "texture": "#2"},
				"up": {"uv": [11.875, 5.375, 11.125, 5.125], "texture": "#2"},
				"down": {"uv": [11.875, 5.375, 11.125, 5.625], "texture": "#2"}
			}
		},
		{
			"from": [6.44, 4.64, 1.6],
			"to": [8.12, 5.76, 2.664],
			"rotation": {"angle": 0, "axis": "y", "origin": [3.64, -7.12, 7.2]},
			"faces": {
				"north": {"uv": [11.5, 0.75, 11.875, 1], "texture": "#2"},
				"east": {"uv": [9.875, 11.625, 10.125, 11.875], "texture": "#2"},
				"south": {"uv": [1, 11.5, 1.375, 11.75], "texture": "#2"},
				"west": {"uv": [10.125, 11.625, 10.375, 11.875], "texture": "#2"},
				"up": {"uv": [11.875, 1.25, 11.5, 1], "texture": "#2"},
				"down": {"uv": [1.75, 11.5, 1.375, 11.75], "texture": "#2"}
			}
		},
		{
			"from": [12.096, 4.64, 6.08],
			"to": [13.16, 5.76, 7.76],
			"rotation": {"angle": 0, "axis": "y", "origin": [7.56, -7.12, 3.28]},
			"faces": {
				"north": {"uv": [0.5, 11.75, 0.75, 12], "texture": "#2"},
				"east": {"uv": [3, 11.5, 3.375, 11.75], "texture": "#2"},
				"south": {"uv": [0.75, 11.75, 1, 12], "texture": "#2"},
				"west": {"uv": [5.375, 11.5, 5.75, 11.75], "texture": "#2"},
				"up": {"uv": [6, 11.875, 5.75, 11.5], "texture": "#2"},
				"down": {"uv": [6.25, 11.5, 6, 11.875], "texture": "#2"}
			}
		},
		{
			"from": [12.096, 5.76, 5.52],
			"to": [13.16, 6.88, 8.88],
			"rotation": {"angle": 0, "axis": "y", "origin": [7.56, -6, 3.28]},
			"faces": {
				"north": {"uv": [0, 11.75, 0.25, 12], "texture": "#2"},
				"east": {"uv": [11.125, 5.625, 11.875, 5.875], "texture": "#2"},
				"south": {"uv": [0.25, 11.75, 0.5, 12], "texture": "#2"},
				"west": {"uv": [11.125, 5.875, 11.875, 6.125], "texture": "#2"},
				"up": {"uv": [8.25, 2.625, 8, 1.875], "texture": "#2"},
				"down": {"uv": [6.625, 8.25, 6.375, 9], "texture": "#2"}
			}
		},
		{
			"from": [12.096, 4.64, 11.12],
			"to": [13.16, 5.76, 11.68],
			"rotation": {"angle": 0, "axis": "y", "origin": [7.56, -7.12, 8.32]},
			"faces": {
				"north": {"uv": [11.875, 6.875, 12.125, 7.125], "texture": "#2"},
				"east": {"uv": [6.625, 8.5, 6.75, 8.75], "texture": "#2"},
				"south": {"uv": [11.875, 7.125, 12.125, 7.375], "texture": "#2"},
				"west": {"uv": [4, 8.75, 4.125, 9], "texture": "#2"},
				"up": {"uv": [4.875, 7.25, 4.625, 7.125], "texture": "#2"},
				"down": {"uv": [5.125, 7.125, 4.875, 7.25], "texture": "#2"}
			}
		},
		{
			"from": [12.096, 5.76, 10.56],
			"to": [13.16, 6.88, 11.68],
			"rotation": {"angle": 0, "axis": "y", "origin": [7.56, -6, 8.32]},
			"faces": {
				"north": {"uv": [1, 11.75, 1.25, 12], "texture": "#2"},
				"east": {"uv": [1.25, 11.75, 1.5, 12], "texture": "#2"},
				"south": {"uv": [1.5, 11.75, 1.75, 12], "texture": "#2"},
				"west": {"uv": [1.75, 11.75, 2, 12], "texture": "#2"},
				"up": {"uv": [2.25, 12, 2, 11.75], "texture": "#2"},
				"down": {"uv": [2.5, 11.75, 2.25, 12], "texture": "#2"}
			}
		},
		{
			"from": [1.4, 4.64, 11.12],
			"to": [2.464, 5.76, 11.68],
			"rotation": {"angle": 0, "axis": "y", "origin": [-3.08, -7.12, 8.32]},
			"faces": {
				"north": {"uv": [11.375, 11.75, 11.625, 12], "texture": "#2"},
				"east": {"uv": [6.75, 7.25, 6.875, 7.5], "texture": "#2"},
				"south": {"uv": [11.625, 11.75, 11.875, 12], "texture": "#2"},
				"west": {"uv": [6.625, 8.25, 6.75, 8.5], "texture": "#2"},
				"up": {"uv": [4.375, 7.25, 4.125, 7.125], "texture": "#2"},
				"down": {"uv": [4.625, 7.125, 4.375, 7.25], "texture": "#2"}
			}
		},
		{
			"from": [1.4, 5.76, 10.56],
			"to": [2.464, 6.88, 11.68],
			"rotation": {"angle": 0, "axis": "y", "origin": [-3.08, -6, 8.32]},
			"faces": {
				"north": {"uv": [11.75, 7.625, 12, 7.875], "texture": "#2"},
				"east": {"uv": [11.75, 7.875, 12, 8.125], "texture": "#2"},
				"south": {"uv": [11.75, 8.125, 12, 8.375], "texture": "#2"},
				"west": {"uv": [9, 11.75, 9.25, 12], "texture": "#2"},
				"up": {"uv": [11.375, 12, 11.125, 11.75], "texture": "#2"},
				"down": {"uv": [12, 11.25, 11.75, 11.5], "texture": "#2"}
			}
		},
		{
			"from": [1.4, 5.76, 5.52],
			"to": [2.464, 6.88, 8.88],
			"rotation": {"angle": 0, "axis": "y", "origin": [-3.08, -6, 3.28]},
			"faces": {
				"north": {"uv": [5.5, 11.75, 5.75, 12], "texture": "#2"},
				"east": {"uv": [11.125, 6.125, 11.875, 6.375], "texture": "#2"},
				"south": {"uv": [6.25, 11.75, 6.5, 12], "texture": "#2"},
				"west": {"uv": [8.625, 11.125, 9.375, 11.375], "texture": "#2"},
				"up": {"uv": [4, 9.5, 3.75, 8.75], "texture": "#2"},
				"down": {"uv": [6.375, 9.625, 6.125, 10.375], "texture": "#2"}
			}
		},
		{
			"from": [1.4, 4.64, 6.08],
			"to": [2.464, 5.76, 7.76],
			"rotation": {"angle": 0, "axis": "y", "origin": [-3.08, -7.12, 3.28]},
			"faces": {
				"north": {"uv": [3, 11.75, 3.25, 12], "texture": "#2"},
				"east": {"uv": [6.25, 11.5, 6.625, 11.75], "texture": "#2"},
				"south": {"uv": [5.25, 11.75, 5.5, 12], "texture": "#2"},
				"west": {"uv": [11.5, 7.375, 11.875, 7.625], "texture": "#2"},
				"up": {"uv": [11.75, 8, 11.5, 7.625], "texture": "#2"},
				"down": {"uv": [11.75, 8, 11.5, 8.375], "texture": "#2"}
			}
		},
		{
			"from": [12.04, 4.64, 1.6],
			"to": [13.16, 5.76, 3.28],
			"rotation": {"angle": 0, "axis": "y", "origin": [7, -7.12, 7.2]},
			"faces": {
				"north": {"uv": [8.75, 11.625, 9, 11.875], "texture": "#2"},
				"east": {"uv": [6.375, 9, 6.75, 9.25], "texture": "#2"},
				"south": {"uv": [11.625, 9, 11.875, 9.25], "texture": "#2"},
				"west": {"uv": [6.375, 9.25, 6.75, 9.5], "texture": "#2"},
				"up": {"uv": [6.375, 10.75, 6.125, 10.375], "texture": "#2"},
				"down": {"uv": [9.375, 11.375, 9.125, 11.75], "texture": "#2"}
			}
		},
		{
			"from": [1.4, 5.76, 1.6],
			"to": [3.64, 6.88, 3.84],
			"rotation": {"angle": 0, "axis": "y", "origin": [7.56, -6, 7.2]},
			"faces": {
				"north": {"uv": [11.375, 6.875, 11.875, 7.125], "texture": "#2"},
				"east": {"uv": [7.125, 11.375, 7.625, 11.625], "texture": "#2"},
				"south": {"uv": [11.375, 7.125, 11.875, 7.375], "texture": "#2"},
				"west": {"uv": [7.625, 11.375, 8.125, 11.625], "texture": "#2"},
				"up": {"uv": [7.125, 11.375, 6.625, 10.875], "texture": "#2"},
				"down": {"uv": [7.625, 10.875, 7.125, 11.375], "texture": "#2"}
			}
		},
		{
			"from": [-0.28, 13.18, 4.96],
			"to": [5.88, 13.18, 13.36],
			"rotation": {"angle": 0, "axis": "y", "origin": [5.32, 13.18, 12.8]},
			"faces": {
				"north": {"uv": [0, 0, 1.375, 0], "texture": "#2"},
				"east": {"uv": [0, 0, 1.875, 0], "texture": "#2"},
				"south": {"uv": [0, 0, 1.375, 0], "texture": "#2"},
				"west": {"uv": [0, 0, 1.875, 0], "texture": "#2"},
				"up": {"uv": [1.375, 8.75, 0, 6.875], "texture": "#2"},
				"down": {"uv": [1.375, 6.875, 0, 8.75], "texture": "#2"}
			}
		}
	],
	"display": {
		"thirdperson_righthand": {
			"rotation": [44, 0, 0],
			"translation": [0, 4.25, 0],
			"scale": [0.6, 0.6, 0.6]
		},
		"thirdperson_lefthand": {
			"rotation": [44, 0, 0],
			"translation": [0, 4.25, 0],
			"scale": [0.6, 0.6, 0.6]
		},
		"firstperson_righthand": {
			"rotation": [-23, 129, 37],
			"translation": [0, 4.25, 0],
			"scale": [0.6, 0.6, 0.6]
		},
		"firstperson_lefthand": {
			"rotation": [-23, 129, 37],
			"translation": [0, 4.25, 0],
			"scale": [0.6, 0.6, 0.6]
		},
		"ground": {
			"rotation": [61, 0, 0],
			"translation": [0, 5, 0],
			"scale": [0.6, 0.6, 0.6]
		},
		"gui": {
			"rotation": [30, 162, -8],
			"translation": [-1.25, 0, 0],
			"scale": [0.6, 0.6, 0.6]
		},
		"head": {
			"rotation": [32, 0, 0],
			"translation": [0.75, 6, 0.75],
			"scale": [1.4, 1.4, 1.4]
		},
		"fixed": {
			"rotation": [-44, 0, 0],
			"translation": [1, 5.25, -17.75],
			"scale": [1.8, 1.8, 1.8]
		}
	}
}