{
	"credit": "Made with Blockbench",
	"texture_size": [32, 32],
	"textures": {
		"1": "modelengine:entity/scarecrow_scythe"
	},
	"elements": [
		{
			"from": [7.15, -6.82, 7.02],
			"to": [7.99, 12.5, 7.86],
			"rotation": {"angle": 0, "axis": "y", "origin": [8.83, 10.4, 9.12]},
			"faces": {
				"north": {"uv": [1, 1, 0.5, 12.5], "rotation": 180, "texture": "#1"},
				"east": {"uv": [0, 0, 11.5, 0.5], "rotation": 270, "texture": "#1"},
				"south": {"uv": [0.5, 12.5, 0, 1], "texture": "#1"},
				"west": {"uv": [0, 0.5, 11.5, 1], "rotation": 90, "texture": "#1"},
				"up": {"uv": [6, 4.75, 6.5, 5.25], "rotation": 180, "texture": "#1"},
				"down": {"uv": [6.5, 4.75, 7, 5.25], "texture": "#1"}
			}
		},
		{
			"from": [7.15, 6.62, 3.24],
			"to": [7.99, 7.46, 7.02],
			"rotation": {"angle": 0, "axis": "y", "origin": [8.83, 10.4, 9.12]},
			"faces": {
				"north": {"uv": [8.25, 2.5, 7.75, 3], "rotation": 180, "texture": "#1"},
				"east": {"uv": [1.5, 6.5, 2, 8.75], "rotation": 270, "texture": "#1"},
				"south": {"uv": [8.25, 2.5, 7.75, 2], "texture": "#1"},
				"west": {"uv": [2.5, 6.5, 3, 8.75], "rotation": 90, "texture": "#1"},
				"up": {"uv": [1, 6.5, 1.5, 8.75], "rotation": 180, "texture": "#1"},
				"down": {"uv": [2, 6.5, 2.5, 8.75], "texture": "#1"}
			}
		},
		{
			"from": [7.36, 12.92, 3.24],
			"to": [7.78, 16.28, 7.02],
			"rotation": {"angle": 0, "axis": "y", "origin": [8.83, 10.4, 9.12]},
			"faces": {
				"north": {"uv": [7.25, 5, 7, 7], "rotation": 180, "texture": "#1"},
				"east": {"uv": [1, 1, 3, 3.25], "rotation": 270, "texture": "#1"},
				"south": {"uv": [7.25, 5, 7, 3], "texture": "#1"},
				"west": {"uv": [3, 1, 5, 3.25], "rotation": 90, "texture": "#1"},
				"up": {"uv": [3, 6.5, 3.25, 8.75], "rotation": 180, "texture": "#1"},
				"down": {"uv": [3.25, 6.5, 3.5, 8.75], "texture": "#1"}
			}
		},
		{
			"from": [7.381, 12.74461, 0.24678],
			"to": [7.759, 15.68461, 4.02678],
			"rotation": {"angle": -22.5, "axis": "x", "origin": [7.57, 14.00461, 2.13678]},
			"faces": {
				"north": {"uv": [7.5, 6.75, 7.25, 8.5], "rotation": 180, "texture": "#1"},
				"east": {"uv": [1, 3.25, 2.75, 5.5], "rotation": 270, "texture": "#1"},
				"south": {"uv": [7.5, 6.75, 7.25, 5], "texture": "#1"},
				"west": {"uv": [2.75, 3.25, 4.5, 5.5], "rotation": 90, "texture": "#1"},
				"up": {"uv": [6.5, 6.25, 6.75, 8.5], "rotation": 180, "texture": "#1"},
				"down": {"uv": [6.75, 6.25, 7, 8.5], "texture": "#1"}
			}
		},
		{
			"from": [7.402, 11.46909, -1.87076],
			"to": [7.738, 13.98909, 1.48924],
			"rotation": {"angle": -45, "axis": "x", "origin": [7.57, 12.30909, -0.40076]},
			"faces": {
				"north": {"uv": [7.75, 6, 7.5, 7.5], "rotation": 180, "texture": "#1"},
				"east": {"uv": [4.5, 3.25, 6, 5.25], "rotation": 270, "texture": "#1"},
				"south": {"uv": [7.75, 6, 7.5, 4.5], "texture": "#1"},
				"west": {"uv": [5, 1, 6.5, 3], "rotation": 90, "texture": "#1"},
				"up": {"uv": [7, 7, 7.25, 9], "rotation": 180, "texture": "#1"},
				"down": {"uv": [7.25, 3, 7.5, 5], "texture": "#1"}
			}
		},
		{
			"from": [7.423, 8.9307, -2.72854],
			"to": [7.717, 11.8707, -1.04854],
			"rotation": {"angle": 22.5, "axis": "x", "origin": [7.57, 10.8207, -1.46854]},
			"faces": {
				"north": {"uv": [7.5, 1, 7.75, 2.75], "texture": "#1"},
				"east": {"uv": [6, 3, 7, 4.75], "texture": "#1"},
				"south": {"uv": [7.5, 2.75, 7.75, 4.5], "texture": "#1"},
				"west": {"uv": [5.5, 6.25, 6.5, 8], "texture": "#1"},
				"up": {"uv": [7.75, 8.5, 7.5, 7.5], "texture": "#1"},
				"down": {"uv": [8, 1, 7.75, 2], "texture": "#1"}
			}
		},
		{
			"from": [6.73, 12.5, 6.6],
			"to": [8.41, 16.7, 8.28],
			"rotation": {"angle": 0, "axis": "y", "origin": [8.83, 10.4, 9.12]},
			"faces": {
				"north": {"uv": [5.5, 6.25, 4.5, 8.75], "rotation": 180, "texture": "#1"},
				"east": {"uv": [4.5, 5.25, 7, 6.25], "rotation": 270, "texture": "#1"},
				"south": {"uv": [4.5, 8, 3.5, 5.5], "texture": "#1"},
				"west": {"uv": [1, 5.5, 3.5, 6.5], "rotation": 90, "texture": "#1"},
				"up": {"uv": [6.5, 1, 7.5, 2], "rotation": 180, "texture": "#1"},
				"down": {"uv": [6.5, 2, 7.5, 3], "texture": "#1"}
			}
		}
	],
	"display": {
		"thirdperson_righthand": {
			"translation": [0, 8, 2.5],
			"scale": [1.3, 1.3, 1.3]
		},
		"thirdperson_lefthand": {
			"translation": [0, 8, 2.5],
			"scale": [1.3, 1.3, 1.3]
		},
		"firstperson_righthand": {
			"rotation": [-6, 10, -35],
			"translation": [0, 3.5, 2.5],
			"scale": [1.3, 1.3, 1.3]
		},
		"firstperson_lefthand": {
			"rotation": [-6, 10, -35],
			"translation": [0, 3.5, 2.5],
			"scale": [1.3, 1.3, 1.3]
		},
		"ground": {
			"rotation": [0, 0, 48],
			"translation": [-2.25, 8.25, 0]
		},
		"gui": {
			"rotation": [-46, 61, 95],
			"translation": [1.5, 0.75, 0],
			"scale": [0.8, 0.8, 0.8]
		}
	}
}