{
	"credit": "Made with Blockbench",
	"texture_size": [128, 128],
	"textures": {
		"1": "modelengine:entity/witch"
	},
	"elements": [
		{
			"from": [-4, 1.77323, -4.47299],
			"to": [20, 2.77323, 19.52701],
			"rotation": {"angle": 0, "axis": "y", "origin": [8, -16.07278, 6.87649]},
			"faces": {
				"north": {"uv": [10.25, 1.25, 13.25, 1.375], "texture": "#1"},
				"east": {"uv": [10.25, 1.375, 13.25, 1.5], "texture": "#1"},
				"south": {"uv": [10.25, 1.5, 13.25, 1.625], "texture": "#1"},
				"west": {"uv": [10.25, 7.125, 13.25, 7.25], "texture": "#1"},
				"up": {"uv": [3, 3, 0, 0], "texture": "#1"},
				"down": {"uv": [3, 3, 0, 6], "texture": "#1"}
			}
		},
		{
			"from": [3, 2.77323, 2.52701],
			"to": [13, 6.77323, 12.52701],
			"rotation": {"angle": 0, "axis": "y", "origin": [8, -15.07278, 6.87649]},
			"faces": {
				"north": {"uv": [3.5, 10.125, 4.75, 10.625], "texture": "#1"},
				"east": {"uv": [10.125, 5.125, 11.375, 5.625], "texture": "#1"},
				"south": {"uv": [10.25, 0.75, 11.5, 1.25], "texture": "#1"},
				"west": {"uv": [10.25, 6.625, 11.5, 7.125], "texture": "#1"},
				"up": {"uv": [8.75, 3.75, 7.5, 2.5], "texture": "#1"},
				"down": {"uv": [8.75, 3.75, 7.5, 5], "texture": "#1"}
			}
		},
		{
			"from": [4, 2.01568, -3.12351],
			"to": [12, 7.01568, 6.87649],
			"rotation": {"angle": 22.5, "axis": "x", "origin": [8, -12.57278, 9.87649]},
			"faces": {
				"north": {"uv": [1.75, 10.125, 2.75, 10.75], "texture": "#1"},
				"east": {"uv": [0, 9.125, 1.25, 9.75], "texture": "#1"},
				"south": {"uv": [8.5, 10.125, 9.5, 10.75], "texture": "#1"},
				"west": {"uv": [9.125, 4.5, 10.375, 5.125], "texture": "#1"},
				"up": {"uv": [5.5, 9.25, 4.5, 8], "texture": "#1"},
				"down": {"uv": [6.5, 8, 5.5, 9.25], "texture": "#1"}
			}
		},
		{
			"from": [5, 9.51018, 22.08596],
			"to": [11, 16.51018, 29.08596],
			"rotation": {"angle": -22.5, "axis": "x", "origin": [8, -27.98982, 32.58596]},
			"faces": {
				"north": {"uv": [3.5, 9.75, 2.75, 10.625], "rotation": 180, "texture": "#1"},
				"east": {"uv": [3.75, 9.25, 4.625, 10.125], "rotation": 270, "texture": "#1"},
				"south": {"uv": [10.5, 3.5, 9.75, 2.625], "texture": "#1"},
				"west": {"uv": [4.625, 9.25, 5.5, 10.125], "rotation": 90, "texture": "#1"},
				"up": {"uv": [9.5, 0.75, 10.25, 1.625], "rotation": 180, "texture": "#1"},
				"down": {"uv": [0, 9.75, 0.75, 10.625], "texture": "#1"}
			}
		},
		{
			"from": [6, 6.96952, 12.07775],
			"to": [10, 10.96952, 17.07775],
			"rotation": {"angle": 0, "axis": "y", "origin": [8, -50.87649, 25.42722]},
			"faces": {
				"north": {"uv": [10.875, 10.625, 10.375, 11.125], "rotation": 180, "texture": "#1"},
				"east": {"uv": [6, 10.625, 6.5, 11.25], "rotation": 270, "texture": "#1"},
				"south": {"uv": [11.125, 8.375, 10.625, 7.875], "texture": "#1"},
				"west": {"uv": [7.5, 10.625, 8, 11.25], "rotation": 90, "texture": "#1"},
				"up": {"uv": [4.5, 7.375, 5, 8], "rotation": 180, "texture": "#1"},
				"down": {"uv": [10.625, 7.25, 11.125, 7.875], "texture": "#1"}
			}
		}
	],
	"display": {
		"thirdperson_righthand": {
			"rotation": [28, 32, 0],
			"translation": [0, 3.25, 0],
			"scale": [0.6, 0.6, 0.6]
		},
		"thirdperson_lefthand": {
			"rotation": [28, 32, 0],
			"translation": [0, 3.25, 0],
			"scale": [0.6, 0.6, 0.6]
		},
		"firstperson_righthand": {
			"rotation": [28, 32, 0],
			"translation": [0, 3.25, 0],
			"scale": [0.6, 0.6, 0.6]
		},
		"firstperson_lefthand": {
			"rotation": [28, 32, 0],
			"translation": [0, 3.25, 0],
			"scale": [0.6, 0.6, 0.6]
		},
		"ground": {
			"rotation": [-15, 0, 0],
			"translation": [0, 2.5, 0],
			"scale": [0.5, 0.5, 0.5]
		},
		"gui": {
			"rotation": [12, 162, 0],
			"scale": [0.5, 0.5, 0.5]
		},
		"head": {
			"rotation": [8, 0, 0],
			"translation": [0, 13, 2.25],
			"scale": [1.3, 1.3, 1.3]
		},
		"fixed": {
			"rotation": [-90, 0, 0],
			"translation": [0, 0.5, -6.5],
			"scale": [1.2, 1.2, 1.2]
		}
	}
}